-- phpMyAdmin SQL Dump
-- version 4.7.8
-- https://www.phpmyadmin.net/
--
-- Host: localhost:3306
-- Generation Time: Feb 08, 2020 at 07:17 AM
-- Server version: 5.7.19
-- PHP Version: 7.2.0

SET SQL_MODE = "NO_AUTO_VALUE_ON_ZERO";
SET AUTOCOMMIT = 0;
START TRANSACTION;
SET time_zone = "+00:00";


/*!40101 SET @OLD_CHARACTER_SET_CLIENT=@@CHARACTER_SET_CLIENT */;
/*!40101 SET @OLD_CHARACTER_SET_RESULTS=@@CHARACTER_SET_RESULTS */;
/*!40101 SET @OLD_COLLATION_CONNECTION=@@COLLATION_CONNECTION */;
/*!40101 SET NAMES utf8mb4 */;

--
-- Database: `pgdit`
--

-- --------------------------------------------------------

--
-- Table structure for table `batches`
--

CREATE TABLE `batches` (
  `id` int(10) UNSIGNED NOT NULL,
  `batch_name` varchar(191) COLLATE utf8mb4_unicode_ci NOT NULL,
  `session` varchar(255) COLLATE utf8mb4_unicode_ci NOT NULL,
  `course_title` varchar(191) COLLATE utf8mb4_unicode_ci NOT NULL,
  `status` enum('active','inactive') COLLATE utf8mb4_unicode_ci NOT NULL,
  `created_at` timestamp NULL DEFAULT NULL,
  `updated_at` timestamp NULL DEFAULT NULL
) ENGINE=InnoDB DEFAULT CHARSET=utf8mb4 COLLATE=utf8mb4_unicode_ci;

--
-- Dumping data for table `batches`
--

INSERT INTO `batches` (`id`, `batch_name`, `session`, `course_title`, `status`, `created_at`, `updated_at`) VALUES
(1, '20th', '2019-2020', 'PGDIT', 'active', NULL, '2020-01-03 13:47:02'),
(2, '19th', '2018-2019', 'PGDIT', 'active', '2019-12-13 01:51:48', '2019-12-13 01:51:48');

-- --------------------------------------------------------

--
-- Table structure for table `failed_jobs`
--

CREATE TABLE `failed_jobs` (
  `id` bigint(20) UNSIGNED NOT NULL,
  `connection` text COLLATE utf8mb4_unicode_ci NOT NULL,
  `queue` text COLLATE utf8mb4_unicode_ci NOT NULL,
  `payload` longtext COLLATE utf8mb4_unicode_ci NOT NULL,
  `exception` longtext COLLATE utf8mb4_unicode_ci NOT NULL,
  `failed_at` timestamp NOT NULL DEFAULT CURRENT_TIMESTAMP
) ENGINE=InnoDB DEFAULT CHARSET=utf8mb4 COLLATE=utf8mb4_unicode_ci;

-- --------------------------------------------------------

--
-- Table structure for table `messages`
--

CREATE TABLE `messages` (
  `id` bigint(20) UNSIGNED NOT NULL,
  `batch_id` int(11) NOT NULL,
  `sender_id` int(10) UNSIGNED NOT NULL,
  `content` varchar(2000) COLLATE utf8mb4_unicode_ci NOT NULL,
  `attachment` varchar(255) COLLATE utf8mb4_unicode_ci DEFAULT NULL,
  `created_at` timestamp NULL DEFAULT NULL,
  `updated_at` timestamp NULL DEFAULT NULL
) ENGINE=InnoDB DEFAULT CHARSET=utf8mb4 COLLATE=utf8mb4_unicode_ci;

--
-- Dumping data for table `messages`
--

INSERT INTO `messages` (`id`, `batch_id`, `sender_id`, `content`, `attachment`, `created_at`, `updated_at`) VALUES
(8, 2, 17, 'Hello Cr', NULL, '2020-01-03 23:43:00', '2020-01-03 23:43:00'),
(9, 2, 17, 'How are you?', NULL, '2020-01-04 02:36:50', '2020-01-04 02:36:50'),
(10, 2, 17, 'Hello.', NULL, '2020-01-04 03:15:34', '2020-01-04 03:15:34');

-- --------------------------------------------------------

--
-- Table structure for table `migrations`
--

CREATE TABLE `migrations` (
  `id` int(10) UNSIGNED NOT NULL,
  `migration` varchar(255) COLLATE utf8mb4_unicode_ci NOT NULL,
  `batch` int(11) NOT NULL
) ENGINE=InnoDB DEFAULT CHARSET=utf8mb4 COLLATE=utf8mb4_unicode_ci;

--
-- Dumping data for table `migrations`
--

INSERT INTO `migrations` (`id`, `migration`, `batch`) VALUES
(11, '2012_10_19_142950_create_batches_table', 1),
(12, '2014_10_12_000000_create_users_table', 1),
(13, '2014_10_12_100000_create_password_resets_table', 1),
(14, '2016_06_01_000001_create_oauth_auth_codes_table', 1),
(15, '2016_06_01_000002_create_oauth_access_tokens_table', 1),
(16, '2016_06_01_000003_create_oauth_refresh_tokens_table', 1),
(17, '2016_06_01_000004_create_oauth_clients_table', 1),
(18, '2016_06_01_000005_create_oauth_personal_access_clients_table', 1),
(19, '2019_08_19_000000_create_failed_jobs_table', 1),
(20, '2019_10_19_143019_create_messages_table', 1),
(21, '2019_10_19_143038_create_notices_table', 1),
(22, '2019_11_16_164859_create_notifications_table', 2);

-- --------------------------------------------------------

--
-- Table structure for table `notices`
--

CREATE TABLE `notices` (
  `id` bigint(20) UNSIGNED NOT NULL,
  `batch_id` int(10) UNSIGNED NOT NULL,
  `type` enum('class','exam','others') COLLATE utf8mb4_unicode_ci NOT NULL DEFAULT 'class',
  `priority` tinyint(3) UNSIGNED NOT NULL DEFAULT '1',
  `title` varchar(191) COLLATE utf8mb4_unicode_ci NOT NULL,
  `content` varchar(2000) COLLATE utf8mb4_unicode_ci NOT NULL,
  `attachment` varchar(255) COLLATE utf8mb4_unicode_ci DEFAULT NULL,
  `status` enum('active','inactive') COLLATE utf8mb4_unicode_ci NOT NULL DEFAULT 'active',
  `created_at` timestamp NULL DEFAULT NULL,
  `updated_at` timestamp NULL DEFAULT NULL
) ENGINE=InnoDB DEFAULT CHARSET=utf8mb4 COLLATE=utf8mb4_unicode_ci;

--
-- Dumping data for table `notices`
--

INSERT INTO `notices` (`id`, `batch_id`, `type`, `priority`, `title`, `content`, `attachment`, `status`, `created_at`, `updated_at`) VALUES
(5, 2, 'class', 1, 'The class has been canceled due to traffic jam', 'The class has been canceled due to traffic jam', 'e2cd2524bd804bfd4173f79b8c6a1dac.pdf', 'active', '2020-01-03 15:38:38', '2020-01-03 15:38:38'),
(6, 1, 'others', 1, 'Final Project Presentation Notice', 'Final Project Presentation Notice', '0e4c990284bf457235d1162dc0950ca9.pdf', 'active', '2020-01-03 15:40:38', '2020-01-03 15:40:38'),
(7, 2, 'exam', 1, 'exam cancellation notice 2020', 'exam cancellation notice 2020', '22aff3c634ed659f624bc7bfc666882a.pdf', 'active', '2020-01-04 02:42:30', '2020-01-04 02:43:08'),
(8, 2, 'class', 1, 'class will be continued', 'class will be continued', '92684a82458019ca57bfa93eb163ca0b.pdf', 'active', '2020-01-04 03:18:41', '2020-01-04 03:18:41');

-- --------------------------------------------------------

--
-- Table structure for table `notifications`
--

CREATE TABLE `notifications` (
  `id` char(36) COLLATE utf8mb4_unicode_ci NOT NULL,
  `type` varchar(255) COLLATE utf8mb4_unicode_ci NOT NULL,
  `notifiable_type` varchar(255) COLLATE utf8mb4_unicode_ci NOT NULL,
  `notifiable_id` bigint(20) UNSIGNED NOT NULL,
  `data` text COLLATE utf8mb4_unicode_ci NOT NULL,
  `read_at` timestamp NULL DEFAULT NULL,
  `created_at` timestamp NULL DEFAULT NULL,
  `updated_at` timestamp NULL DEFAULT NULL
) ENGINE=InnoDB DEFAULT CHARSET=utf8mb4 COLLATE=utf8mb4_unicode_ci;

-- --------------------------------------------------------

--
-- Table structure for table `oauth_access_tokens`
--

CREATE TABLE `oauth_access_tokens` (
  `id` varchar(100) COLLATE utf8mb4_unicode_ci NOT NULL,
  `user_id` bigint(20) DEFAULT NULL,
  `client_id` int(10) UNSIGNED NOT NULL,
  `name` varchar(255) COLLATE utf8mb4_unicode_ci DEFAULT NULL,
  `scopes` text COLLATE utf8mb4_unicode_ci,
  `revoked` tinyint(1) NOT NULL,
  `created_at` timestamp NULL DEFAULT NULL,
  `updated_at` timestamp NULL DEFAULT NULL,
  `expires_at` datetime DEFAULT NULL
) ENGINE=InnoDB DEFAULT CHARSET=utf8mb4 COLLATE=utf8mb4_unicode_ci;

--
-- Dumping data for table `oauth_access_tokens`
--

INSERT INTO `oauth_access_tokens` (`id`, `user_id`, `client_id`, `name`, `scopes`, `revoked`, `created_at`, `updated_at`, `expires_at`) VALUES
('003f189e28ba4b7bc5d0d9171b830a77e2f965015979445c994edc6990525b95cbf85ffebeed17d6', 1, 2, NULL, '[]', 0, '2019-12-09 09:07:44', '2019-12-09 09:07:44', '2019-12-24 15:07:44'),
('04e15b77f01781ac07fd46f78c5a5c07dd69ce42d406a01013044efbc1a23dc14d977b03feaf6880', 1, 2, NULL, '[]', 0, '2019-12-08 13:27:10', '2019-12-08 13:27:10', '2019-12-23 19:27:10'),
('06aa4eaa902198404df0b72cf7a9329e910a56a942766932918ab49a8e01e53b235820ef6b3c5e40', 1, 2, NULL, '[]', 0, '2019-12-16 11:09:39', '2019-12-16 11:09:39', '2019-12-31 17:09:33'),
('07221d35458807ca6976a15420b3093b542869fb8092b53b69ba8e921142ab3688ab6426b46e3dc1', 1, 2, NULL, '[]', 0, '2019-12-08 13:01:18', '2019-12-08 13:01:18', '2019-12-23 19:01:18'),
('07a68fc502298b329c6e30aa9cb53d35beaf619c017999ab2630a8e0673e25a7389feea0d3d8eccd', 1, 2, NULL, '[]', 0, '2019-12-09 09:24:11', '2019-12-09 09:24:11', '2019-12-24 15:24:11'),
('080dd31e90246d866865f3de80a45fdf2d1fd2a29f14f46fd45b327d55298f5ba981abe12b146f32', 1, 2, NULL, '[]', 0, '2019-12-09 09:38:38', '2019-12-09 09:38:38', '2019-12-24 15:38:38'),
('0b32a2922246c542b630c210b08b11e301c30e5f769b42f8c3b780b4a6c560fce6a3f85170fc9cab', 10, 2, NULL, '[]', 0, '2020-01-03 13:49:56', '2020-01-03 13:49:56', '2020-01-18 19:49:55'),
('0ce94dc5f47fe0c86656adb8cef4b1e75b7d730d5af1c12d5a14cd58d08976ad4ddaaf3bb3aa97fe', 12, 2, NULL, '[]', 0, '2020-01-03 09:09:56', '2020-01-03 09:09:56', '2020-01-18 15:09:56'),
('0ebd746bb8e1d8c8f75f745da231ff34159f76ca8faaf894ca54374310ae942e31baf1903a202a14', 1, 2, NULL, '[]', 0, '2020-01-03 11:25:06', '2020-01-03 11:25:06', '2020-01-18 17:25:06'),
('0f67dbe712544c0fe2270669a81d03cdfa7fc910d26f46d01ed3562e5d8b6a4d38123748cc613c9d', 1, 2, NULL, '[]', 0, '2019-12-09 11:22:58', '2019-12-09 11:22:58', '2019-12-24 17:22:58'),
('109202036f1a23f32c9b5bfda6b855fb17cb2e3eaa4cd1c230364c49eb0fa91caacf4ef6fb799ff5', 13, 2, NULL, '[]', 0, '2019-12-13 01:53:26', '2019-12-13 01:53:26', '2019-12-28 07:53:26'),
('1181de255d93c6fb8953c2a6e3a51d46a6daec8bcd974430da3ccb5b82e4f1f463c31f89f20f2e90', 11, 2, NULL, '[]', 0, '2020-01-03 08:58:18', '2020-01-03 08:58:18', '2020-01-18 14:58:18'),
('11dc4e783f6f54c88db144f776fc8d832bcc9764f07350b5e864a082acdcdc7169f30480e0491ada', 16, 2, NULL, '[]', 0, '2020-01-03 23:42:26', '2020-01-03 23:42:26', '2020-01-19 05:42:26'),
('159523bc0796a1ab1a662405bfeead212ff11bc8e96f4d834bb4a4104274a8f9fd3615a206b3ebc7', 10, 2, NULL, '[]', 0, '2020-01-03 13:04:51', '2020-01-03 13:04:51', '2020-01-18 19:04:51'),
('16f18141c19ce1b540b99a2f9b4ee123d2951bf262cfe151ef540d05e2c8571ffd8e14028f4cbebc', 1, 2, NULL, '[]', 0, '2019-12-12 12:44:13', '2019-12-12 12:44:13', '2019-12-27 18:44:13'),
('1915a8d43972cd75c0fd38e278fe9ccbdb27fd40eaedcc989febb320bd6f7435878750ab9c6930d3', 1, 2, NULL, '[]', 0, '2019-12-16 02:05:39', '2019-12-16 02:05:39', '2019-12-31 08:05:39'),
('1eacdda7959885865eaf082baf669f2458ebc297bd6ad064caf0b12771a3f55c9fc8583f16ad6bef', 1, 2, NULL, '[]', 0, '2019-12-08 13:24:10', '2019-12-08 13:24:10', '2019-12-23 19:24:10'),
('2aa9ec13eba1e4907585106164ed4aae22c3b087b5a945e67f561c120d4aa6fa686b903756ab6ebe', 1, 2, NULL, '[]', 0, '2020-01-02 05:48:18', '2020-01-02 05:48:18', '2020-01-17 11:48:18'),
('2bbc0a5a112a9f0252fa6376fa063b287897594f81bd69ae54c0bd83d1527ffcefee734726c5b33f', 10, 2, NULL, '[]', 0, '2020-01-03 08:33:37', '2020-01-03 08:33:37', '2020-01-18 14:33:30'),
('2d9ffb2690cf035a26d22208c12912d8d562f7f497110ec952c1f38f065c8c6590aeee66f51778c3', 1, 2, NULL, '[]', 0, '2019-12-16 10:30:52', '2019-12-16 10:30:52', '2019-12-31 16:30:47'),
('3152438fbd812b38e2a572fbd4b432357d08d811b9c4e31fba99048a19627ff4085845a878534d66', 1, 2, NULL, '[]', 0, '2019-12-09 09:10:33', '2019-12-09 09:10:33', '2019-12-24 15:10:33'),
('31cad8450ac59780f295df03076e11559ecbee46a3e44b38b250d80400c706532389cafe12db9634', 1, 2, NULL, '[]', 0, '2019-12-16 02:40:52', '2019-12-16 02:40:52', '2019-12-31 08:40:52'),
('358cc293a32f0d57a39a9514d9da424c98501ccef6f7577733b43c4c0666d7793ea38bf4b775b4f2', 1, 2, NULL, '[]', 0, '2019-12-08 13:02:20', '2019-12-08 13:02:20', '2019-12-23 19:02:20'),
('36eb976446f12209e3f2e63802ae5f6116e450c9efd453ba08aebeafc040b7f9b32a242fcdb81d59', 1, 2, NULL, '[]', 0, '2019-12-12 07:55:18', '2019-12-12 07:55:18', '2019-12-27 13:55:17'),
('379aa36e05f1676b0297e7abb00580325452179d43daa4883e37170e260ebe323d771b3370a00177', 10, 2, NULL, '[]', 0, '2020-01-03 13:31:49', '2020-01-03 13:31:49', '2020-01-18 19:31:49'),
('3a46e3e247cedf6a0e0337de0f6879bf2cffb5db5ac53122b85241399eeda1967412fac25966298d', 10, 2, NULL, '[]', 0, '2020-01-03 13:50:08', '2020-01-03 13:50:08', '2020-01-18 19:50:08'),
('4581c18a245577c6d1272d57d2726e5e6c478144d5e297ea55b833d87efbc452859f689340b0d577', 1, 2, NULL, '[]', 0, '2019-12-09 08:41:34', '2019-12-09 08:41:34', '2019-12-24 14:41:34'),
('45ae226f20b3bed26fb491b731cee74205f9960af2fdf534c77baddf47585a9414e89a4a02576cda', 1, 2, NULL, '[]', 0, '2019-12-08 13:19:22', '2019-12-08 13:19:22', '2019-12-23 19:19:21'),
('45b465e2488186f581cad4d6bbbf4883a4e479f7779a78453a4131cb62b348cef39f6cbc8d61bad0', 11, 2, NULL, '[]', 0, '2020-01-03 09:06:37', '2020-01-03 09:06:37', '2020-01-18 15:06:36'),
('4976da30aad33159e82e0a9c4818dd66ed6c450d5586866bd0db578ec13cfa4c84bee6a22d0ea52b', 1, 2, NULL, '[]', 0, '2019-12-09 08:43:15', '2019-12-09 08:43:15', '2019-12-24 14:43:15'),
('4be1a6e9d50fe181a7b01e20f9c98448d409cc258d6b68d14f8b15c0b1fabd5588dda5c9a625a2ed', 13, 2, NULL, '[]', 0, '2020-01-03 08:56:02', '2020-01-03 08:56:02', '2020-01-18 14:56:02'),
('4da6730fcb00024a773919bb4e45ba8a334337c52cbd6b139594ba0e9b60404aa85377688168b2e6', 1, 2, NULL, '[]', 0, '2019-12-13 01:47:19', '2019-12-13 01:47:19', '2019-12-28 07:47:19'),
('507bcc33ace69bd3051a3ce5f204780bae02dc51707f76784cd880a9dc86aa58da39b334fd0d6649', 1, 2, NULL, '[]', 0, '2019-12-09 11:19:15', '2019-12-09 11:19:15', '2019-12-24 17:19:15'),
('50be3b3efe1acb604ffaa204961c497cc3526dc930f79cf88fa5d12e5d96af9deff8879f3691df12', 17, 2, NULL, '[]', 0, '2020-01-03 23:42:52', '2020-01-03 23:42:52', '2020-01-19 05:42:52'),
('53d738a0abe450588e4175313354be2140942d27184a63bbea236c1e0864f85114e0c7df483de62d', 10, 2, NULL, '[]', 0, '2020-01-03 13:51:16', '2020-01-03 13:51:16', '2020-01-18 19:51:15'),
('56d7f68e0e32d0b69570316d14212143a980dd3aa695a974953aa3ce4609ad1f973082534d3d9033', 10, 2, NULL, '[]', 0, '2020-01-03 09:09:30', '2020-01-03 09:09:30', '2020-01-18 15:09:30'),
('576626599659afeec694979f8fff5f08508efed6a878e2e7b5a498fbda2edbe9f5e2cfc1dd096989', 1, 2, NULL, '[]', 0, '2019-12-08 13:00:49', '2019-12-08 13:00:49', '2019-12-23 19:00:49'),
('59165ac683a057429fd1e46e62d30c68acb9403bfb653b300a15601f02b6777e7f779db372ec2748', 1, 2, NULL, '[]', 0, '2019-12-12 12:44:15', '2019-12-12 12:44:15', '2019-12-27 18:44:14'),
('5d6ad200c3e138aa48b32249099eb1f7956346d5b1bf0fc6230243c362c2650d672b64239bdb1ee9', 10, 2, NULL, '[]', 0, '2020-01-03 13:51:45', '2020-01-03 13:51:45', '2020-01-18 19:51:45'),
('615b48bde48846208aed387d8db905dd56118bef7e126d6aaedb5c6ccf8c065bf8b863b68a325e9d', 1, 2, NULL, '[]', 0, '2019-12-09 11:22:11', '2019-12-09 11:22:11', '2019-12-24 17:22:10'),
('6211d2eeff56909b69da382714f55f36f04f2c056616da6a1f4ab083a10391bf066a5074ec67e0ad', 1, 2, NULL, '[]', 0, '2019-12-09 09:56:10', '2019-12-09 09:56:10', '2019-12-24 15:56:10'),
('639158a592e916e3d5e0d9056438c938f71305781ba60bd218197fde15c36332ca6e2230c6f4c1e3', 12, 2, NULL, '[]', 0, '2019-12-13 01:50:01', '2019-12-13 01:50:01', '2019-12-28 07:50:01'),
('66dbcf000ea73aa3093e7044905cbaaa6508c43475c8072b9774633857ef70f1d52064fbba203a9f', 1, 2, NULL, '[]', 0, '2019-12-13 11:01:17', '2019-12-13 11:01:17', '2019-12-28 17:01:17'),
('6f7aea0802d09e354cc10ea616f4be712e50944c92735e05aa7f8feab8e0bfa3137733d546ce9add', 1, 2, NULL, '[]', 0, '2019-12-09 11:02:27', '2019-12-09 11:02:27', '2019-12-24 17:02:27'),
('6ff514f887833ed4c9f2266ad9bf552a9ab0847451a6fc4339f02d4c3667ec966e17b68221098d8b', 1, 2, NULL, '[]', 0, '2019-12-09 12:04:25', '2019-12-09 12:04:25', '2019-12-24 18:04:25'),
('703d3e9f4286d558a7c27a1f8e0cdc15390870dd93583cd44e7e439f4ae6c4edfb328b03593e1cf9', 1, 2, NULL, '[]', 0, '2019-12-08 12:45:02', '2019-12-08 12:45:02', '2019-12-23 18:45:02'),
('74002381a0e5b59272e3fd4fd2dc1cd284089b6a9c3ec421d7ef370ac2f9ac52bb722e3d65ae02ab', 1, 2, NULL, '[]', 0, '2019-12-09 09:14:14', '2019-12-09 09:14:14', '2019-12-24 15:14:14'),
('75bdf90f5e5efedb72e7fe5ea682ba45c2ffe388bdb50d1440e424ffc82d48daf35b2ff2dd2a6289', 1, 2, NULL, '[]', 0, '2019-12-09 09:43:44', '2019-12-09 09:43:44', '2019-12-24 15:43:44'),
('7612a1db7c5d2a210ca9efad0f300c58cbde456cb9e7043bd33a4991e793c8e04d67906bbaf5fa84', 1, 2, NULL, '[]', 0, '2019-12-16 02:32:15', '2019-12-16 02:32:15', '2019-12-31 08:32:15'),
('7695d6e1781a43f5eeb52cd8aba96a3ce85c7da3a789f7d6715376031704b1a995d01e9f315a52f6', 10, 2, NULL, '[]', 0, '2020-01-03 13:04:51', '2020-01-03 13:04:51', '2020-01-18 19:04:50'),
('7a65fed67dcce8c8d1cedc017476ea08da902679e4809dedd537838890520c55df220b2772241497', 12, 2, NULL, '[]', 0, '2020-01-03 08:49:41', '2020-01-03 08:49:41', '2020-01-18 14:49:41'),
('7aa2020639aec02020d8178cbf3830f8b007160fbd488ee00173870b78646aaaae02d959b1737c8b', 1, 2, NULL, '[]', 0, '2019-12-08 13:27:33', '2019-12-08 13:27:33', '2019-12-23 19:27:33'),
('7dfbf0c5a9aa85e1a20e000b1a87af0970f5100c2c684fa706547496e3247428c68383bbae215570', 12, 2, NULL, '[]', 0, '2019-12-10 03:02:00', '2019-12-10 03:02:00', '2019-12-25 09:02:00'),
('7e2ea97c476f840703f48a3d5717823d6f988f727704acce6eb5b65bf4469c044680ca332df81fd9', 1, 2, NULL, '[]', 0, '2019-12-09 09:32:42', '2019-12-09 09:32:42', '2019-12-24 15:32:42'),
('82282575d7c068e200018289005cacc201e2b355f843a1743756786cdb3ff004de89b8d7dee4007d', 1, 2, NULL, '[]', 0, '2019-12-16 10:57:39', '2019-12-16 10:57:39', '2019-12-31 16:57:39'),
('82570b4f6fc16451d8f3cc6b7125ace8c043f50b21730ab6307018565a18d748eadb4c70184f1411', 17, 2, NULL, '[]', 0, '2020-01-03 15:42:07', '2020-01-03 15:42:07', '2020-01-18 21:42:07'),
('84dd702eadc92d97409f4cfb5f512ea312cd5afb6f37d62fc6b1c73a8fe431763c4cdb5a0eac7493', 1, 2, NULL, '[]', 0, '2020-01-03 11:25:02', '2020-01-03 11:25:02', '2020-01-18 17:25:02'),
('86274ad07c3b8d800e06a907d9c902870828ec9254b281b3095f1901ddc78c97fe732c7d5a65bc19', 1, 2, NULL, '[]', 0, '2019-12-09 09:46:02', '2019-12-09 09:46:02', '2019-12-24 15:46:02'),
('86fa948933b7078f20edb3ec19aaa235dbc7c6eaeffba7e716543031068a8e589aa1c997b79cfd3d', 13, 2, NULL, '[]', 0, '2020-01-03 08:59:16', '2020-01-03 08:59:16', '2020-01-18 14:59:16'),
('88f19499e34c82aa5ff337d3feff88a4b88c3b4ad7fcaba7a128108bdb4608ed4fce28a5a36e71ec', 1, 2, NULL, '[]', 0, '2019-12-08 13:05:48', '2019-12-08 13:05:48', '2019-12-23 19:05:48'),
('8d0fdd7ccf1e507d02302f438b84f223cb428c7fdcd2b8d035cc232ae50752b01553a2dd20d652e9', 13, 2, NULL, '[]', 0, '2020-01-03 10:16:49', '2020-01-03 10:16:49', '2020-01-18 16:16:49'),
('8d105cb6e7c7bb91531bb6b8b71a20faf83dacdaac079dbeaec6ef416386c1eccca69c4fa2f97ddc', 13, 2, NULL, '[]', 0, '2020-01-03 09:09:08', '2020-01-03 09:09:08', '2020-01-18 15:09:08'),
('8e36ca61b4dc13993bf2551ba234c4abad455aecfd9d1f1ee3f55bac560f8522b80de7faa378ffbe', 1, 2, NULL, '[]', 0, '2019-12-09 09:37:49', '2019-12-09 09:37:49', '2019-12-24 15:37:49'),
('8e973ed9621bd8459ecfd6c53aeb6301fd9af7d6bfe009a9e8a8440277f40cd378fc243628864897', 16, 2, NULL, '[]', 0, '2020-01-04 03:14:57', '2020-01-04 03:14:57', '2020-01-19 09:14:57'),
('8f25ae1ca3a478caae00e47006d5cd6801de50bbe4fcb1e56ea1e5c9512dae5b3342414a9e9921e2', 1, 2, NULL, '[]', 0, '2019-12-08 13:25:46', '2019-12-08 13:25:46', '2019-12-23 19:25:46'),
('934f0524331eb39d18bb3f642b3ed124097c7f9e337afa142915b97c0627bd582bb62e5b9d8a9b61', 17, 2, NULL, '[]', 0, '2020-01-04 03:15:15', '2020-01-04 03:15:15', '2020-01-19 09:15:15'),
('9386e067737038146fa5a0eca991a1f78438bb5d7851085b9d6063391cd32a4cd0ea3413fb6a630e', 10, 2, NULL, '[]', 0, '2020-01-03 13:34:28', '2020-01-03 13:34:28', '2020-01-18 19:34:28'),
('958c63ed95919dd89d9ba334bff538e3add508e5060619ae7abdcaf65b4ed5f5972a1ee24910d1b7', 13, 2, NULL, '[]', 0, '2020-01-03 09:06:06', '2020-01-03 09:06:06', '2020-01-18 15:06:06'),
('96d791e0524ebcafb368571b3341952e5e8e67348d9fc06d48d897a8855ea3a263038fb0d786e6ab', 13, 2, NULL, '[]', 0, '2020-01-02 05:47:26', '2020-01-02 05:47:26', '2020-01-17 11:47:26'),
('96e52cff132a78cad90f8c25e2fe68e7da6a25e44e6cd6da5b11dec945096a6badb952c1c32b3c8d', 1, 2, NULL, '[]', 0, '2019-12-09 13:40:28', '2019-12-09 13:40:28', '2019-12-24 19:40:28'),
('973e2f9c8196fb9652debd9deb4858fe0a3422fbb99efc1f1b8b0f2ac24ff09c836eb538ed9f5914', 1, 2, NULL, '[]', 0, '2019-12-13 00:55:58', '2019-12-13 00:55:58', '2019-12-28 06:55:57'),
('989e1875c881b3f3c9e06a34feea5ddb27fa85c74e76b25a80357e380b5f529e31c155547412bd5e', 11, 2, NULL, '[]', 0, '2020-01-03 09:08:44', '2020-01-03 09:08:44', '2020-01-18 15:08:44'),
('a21103d5fc3c05cde80033e9ec94140bed61b4e8259b6673d60167e1e81353301a1b87e58709af7c', 1, 2, NULL, '[]', 0, '2019-12-09 11:19:32', '2019-12-09 11:19:32', '2019-12-24 17:19:32'),
('a51106f9aec8509e81dfb9fea4c6a0a0588e00fe2258c69f08ef9c5af1845e43320e48bf2e941153', 1, 2, NULL, '[]', 0, '2019-12-12 12:44:15', '2019-12-12 12:44:15', '2019-12-27 18:44:15'),
('a527b667ce932ddd0f90f565fab07057092fc90ebe9bfafbb35ffa3841f84b8baf5db84ad0e55460', 1, 2, NULL, '[]', 0, '2019-12-08 13:24:15', '2019-12-08 13:24:15', '2019-12-23 19:24:15'),
('a8055621d61f29a3442a89f72aeefa545b48b1d41f746aa36cb38b2a3a76b723ddfd4c586bdb1746', 1, 2, NULL, '[]', 0, '2020-01-02 05:44:08', '2020-01-02 05:44:08', '2020-01-17 11:44:08'),
('a952c0562209b3817fee5916eaf92aeaa971ee098b1748b7ac8b3d8bb54a53140157329f29d0959c', 17, 2, NULL, '[]', 0, '2020-01-04 02:36:36', '2020-01-04 02:36:36', '2020-01-19 08:36:36'),
('ac14d50576f461bc330e7dc63f6bc5269c620e3a35cf2079b14bf75407b556556b318b35f069e2de', 1, 2, NULL, '[]', 0, '2019-12-09 09:42:56', '2019-12-09 09:42:56', '2019-12-24 15:42:56'),
('ad4baea139afaf9dfa27b4beb2a2f77c4e7030da53dd48738eaa1f6eb188b2eb5675019374d7b98b', 1, 2, NULL, '[]', 0, '2019-12-09 09:36:40', '2019-12-09 09:36:40', '2019-12-24 15:36:40'),
('af6979978a3a54f66c4b64f8b6d8279e970979ea41d9027050753812076e9bc4f3d3b2d1ae70157a', 10, 2, NULL, '[]', 0, '2020-01-03 08:34:02', '2020-01-03 08:34:02', '2020-01-18 14:34:01'),
('b28effae518fdab3c8d24db5aa92d908f905e40d8430b4658e72c6f7294cd30ed5e6d2c282e57396', 1, 2, NULL, '[]', 0, '2019-12-16 02:30:11', '2019-12-16 02:30:11', '2019-12-31 08:30:10'),
('b3516b9342b6e7b795175b33949e7d1912dfcb9dd7d97ef22af50ecc3bed811368e5905aff2fd30e', 16, 2, NULL, '[]', 0, '2020-01-04 02:42:47', '2020-01-04 02:42:47', '2020-01-19 08:42:47'),
('b52b2b713ce66b0f820ec8727f334ff6c7c43df088b752ce0327144c00f57957ef42d93f51852754', 1, 2, NULL, '[]', 0, '2019-12-09 09:38:53', '2019-12-09 09:38:53', '2019-12-24 15:38:53'),
('b78804f358d67e981a1b297ff92bd0d7ad3e0ec28e5faddc7370f3ffc8a622129a0fe3e7606359dd', 1, 2, NULL, '[]', 0, '2019-12-10 03:15:14', '2019-12-10 03:15:14', '2019-12-25 09:15:14'),
('b9677466c1b35c8845a0ea168625d10c68916c7d22e23babfd7cc04f7a52334388ecd0e4479f8fd3', 1, 2, NULL, '[]', 0, '2019-12-09 09:17:52', '2019-12-09 09:17:52', '2019-12-24 15:17:52'),
('b9b1a9c1386feb824fd8a71e3a8be7067ad1693788f9b461e4536e40edf97160bbc3b9c3f0d33460', 1, 2, NULL, '[]', 0, '2019-12-08 13:04:46', '2019-12-08 13:04:46', '2019-12-23 19:04:46'),
('b9cca7803f4032b8eb7363fef28aa1304c5b5e6766bc7090bebb40e1f29537f40b0e0beb7bd122e5', 10, 2, NULL, '[]', 0, '2020-01-03 11:25:52', '2020-01-03 11:25:52', '2020-01-18 17:25:52'),
('bfac75c8b83a4de263f581bfc1b1b6e4e8fe3f9fc6501e502a03af4bc3dd85fcfcd9d1c99fb75850', 1, 2, NULL, '[]', 0, '2020-01-04 03:06:52', '2020-01-04 03:06:52', '2020-01-19 09:06:52'),
('c6ebd07bb8bd6141ca198a94d4d044c52749168dbb359c972604fb129f6a1fd3782dfe99710027aa', 1, 2, NULL, '[]', 0, '2019-12-08 13:02:17', '2019-12-08 13:02:17', '2019-12-23 19:02:17'),
('c781f0b5c040ba6bbf332e32b89f5478c508406d44af22fbd5296fa6cdb8ae4fa8d7774dfb2288e9', 1, 2, NULL, '[]', 0, '2019-12-16 03:16:03', '2019-12-16 03:16:03', '2019-12-31 09:16:03'),
('ca1f48d6be809bcb2ab9dd4062b51442f56337b52a571701e31d5607ac84effad4767242cbb7b251', 1, 2, NULL, '[]', 0, '2019-12-09 09:18:18', '2019-12-09 09:18:18', '2019-12-24 15:18:18'),
('d17741a54b7abfaa43a50fc7fef4e5b97f0870218fb7877324badbc4cc9ffdd0ff9eedd00880f414', 12, 2, NULL, '[]', 0, '2019-12-09 14:37:45', '2019-12-09 14:37:45', '2019-12-24 20:37:45'),
('d3b70976805fc14f743f8200546ed6e28fca2894c9de6b34bc55a1d57a6dcc0a2d80ead624e7d577', 1, 2, NULL, '[]', 0, '2019-12-09 08:44:38', '2019-12-09 08:44:38', '2019-12-24 14:44:38'),
('d4f10fab273036320a4ef4169dbb784e0b9e1db61c03e32545e475958ebaf4207b86100606666ad3', 10, 2, NULL, '[]', 0, '2020-01-03 08:36:17', '2020-01-03 08:36:17', '2020-01-18 14:36:16'),
('d6fca46368fe924480beb424338b7cb1f5441f5baa5623cbb80322312e206d7a7544651c7f799fd1', 1, 2, NULL, '[]', 0, '2019-12-13 01:48:36', '2019-12-13 01:48:36', '2019-12-28 07:48:36'),
('d7002b8963abc000d9eb9283f811f1f9cd05337724347c57db9246f4354e77a20a2fc8ee03ebe191', 1, 2, NULL, '[]', 0, '2019-12-16 02:05:00', '2019-12-16 02:05:00', '2019-12-31 08:04:52'),
('da4cc4df2e4ea21be69c7cc7252c4f3ced3f7d5b54cf2594bb8611b34247ffdb43a3397b7daa45da', 1, 2, NULL, '[]', 0, '2019-12-09 10:40:08', '2019-12-09 10:40:08', '2019-12-24 16:40:08'),
('dda329b2f1491f5512274a2a28d71d884644aa906425f1f4c05083eed2e351c10fee253cd8c36ae3', 1, 2, NULL, '[]', 0, '2019-12-16 11:09:39', '2019-12-16 11:09:39', '2019-12-31 17:09:36'),
('e03a872584279589be0acd5ed61c99ffe87be54022e89d0a4b5ac6e5d899fd7dfb58d8ee5d6e27b3', 16, 2, NULL, '[]', 0, '2020-01-03 15:35:18', '2020-01-03 15:35:18', '2020-01-18 21:35:18'),
('e0b98532a001a2f6c822dfae60df1fccd5098e967f4962dec24ca3b879586766df7f6c7e89f8879f', 13, 2, NULL, '[]', 0, '2019-12-13 11:10:47', '2019-12-13 11:10:47', '2019-12-28 17:10:47'),
('e6821c9869beba243e2ab63d1182f45bf4296728463a2e355e14bbd37fca1f7cd412dfee9a12c9cc', 1, 2, NULL, '[]', 0, '2019-12-16 10:30:52', '2019-12-16 10:30:52', '2019-12-31 16:30:46'),
('e784850eb95974434ed2757dd879ada2a27ee4a9153786b55e1dcf9ec02f04a8c3ff6a2c58af9769', 1, 2, NULL, '[]', 0, '2019-12-09 08:46:47', '2019-12-09 08:46:47', '2019-12-24 14:46:47'),
('f090793e0c17aafa242b00c42ce648824d7c048f611e5778e116fcc998932386d2db819d66491077', 1, 2, NULL, '[]', 0, '2019-12-16 10:30:52', '2019-12-16 10:30:52', '2019-12-31 16:30:52'),
('f395564edf88eedb67a360e393e67f76b14457bbd3663b76896a16b2b947c19ffa37ec408e598a1a', 1, 2, NULL, '[]', 0, '2019-12-09 10:03:58', '2019-12-09 10:03:58', '2019-12-24 16:03:58'),
('f3959a924eb4b6ec1bda834d1afaf149ca06f910e5ab196209fd6b438a1d464f7a65f4d93b4fc5e6', 1, 2, NULL, '[]', 0, '2019-12-09 09:56:23', '2019-12-09 09:56:23', '2019-12-24 15:56:22'),
('f3a340a5428212f9c092ec8145342af70b46c7d2944366e5dc1b2c6050c786e19067d7cbb3e7744a', 1, 2, NULL, '[]', 0, '2019-12-16 02:05:00', '2019-12-16 02:05:00', '2019-12-31 08:05:00'),
('f47bdf9eb06b58910553ba89e9bd975fcea39b79ebf52c4ed4326dce36074d13c0861aac700826f3', 1, 2, NULL, '[]', 0, '2019-12-09 09:44:19', '2019-12-09 09:44:19', '2019-12-24 15:44:19'),
('f6a6d8cef91a1d804f4734300e6c7394ddf7dcd4355219fd6246d800706dbae7626fe848966074bf', 1, 2, NULL, '[]', 0, '2019-12-08 13:24:31', '2019-12-08 13:24:31', '2019-12-23 19:24:31'),
('f720b5b7c1eb9c4d96ef6c35a68c451585d71430df609ad49466dbd7c2ac6da2a9fffd3b1c86f5b8', 1, 2, NULL, '[]', 0, '2019-12-09 11:00:59', '2019-12-09 11:00:59', '2019-12-24 17:00:59'),
('f88643b653bbd5a1219656c031f7b39082a4f7609c19088186b0643154edef0a40f77fc79c98fb46', 16, 2, NULL, '[]', 0, '2020-01-04 02:36:21', '2020-01-04 02:36:21', '2020-01-19 08:36:20');

-- --------------------------------------------------------

--
-- Table structure for table `oauth_auth_codes`
--

CREATE TABLE `oauth_auth_codes` (
  `id` varchar(100) COLLATE utf8mb4_unicode_ci NOT NULL,
  `user_id` bigint(20) NOT NULL,
  `client_id` int(10) UNSIGNED NOT NULL,
  `scopes` text COLLATE utf8mb4_unicode_ci,
  `revoked` tinyint(1) NOT NULL,
  `expires_at` datetime DEFAULT NULL
) ENGINE=InnoDB DEFAULT CHARSET=utf8mb4 COLLATE=utf8mb4_unicode_ci;

-- --------------------------------------------------------

--
-- Table structure for table `oauth_clients`
--

CREATE TABLE `oauth_clients` (
  `id` int(10) UNSIGNED NOT NULL,
  `user_id` bigint(20) DEFAULT NULL,
  `name` varchar(255) COLLATE utf8mb4_unicode_ci NOT NULL,
  `secret` varchar(100) COLLATE utf8mb4_unicode_ci NOT NULL,
  `redirect` text COLLATE utf8mb4_unicode_ci NOT NULL,
  `personal_access_client` tinyint(1) NOT NULL,
  `password_client` tinyint(1) NOT NULL,
  `revoked` tinyint(1) NOT NULL,
  `created_at` timestamp NULL DEFAULT NULL,
  `updated_at` timestamp NULL DEFAULT NULL
) ENGINE=InnoDB DEFAULT CHARSET=utf8mb4 COLLATE=utf8mb4_unicode_ci;

--
-- Dumping data for table `oauth_clients`
--

INSERT INTO `oauth_clients` (`id`, `user_id`, `name`, `secret`, `redirect`, `personal_access_client`, `password_client`, `revoked`, `created_at`, `updated_at`) VALUES
(1, NULL, 'Laravel Personal Access Client', 'HwEus8C9RLmWdGagWNqMPVY8mLSxLRy9AkeFnX64', 'http://localhost', 1, 0, 0, '2019-12-08 12:30:10', '2019-12-08 12:30:10'),
(2, NULL, 'Laravel Password Grant Client', 'hXjmBSr7grB7E8O7PkqL2pFTB4tW0CL2tsNgN8V4', 'http://localhost', 0, 1, 0, '2019-12-08 12:30:10', '2019-12-08 12:30:10');

-- --------------------------------------------------------

--
-- Table structure for table `oauth_personal_access_clients`
--

CREATE TABLE `oauth_personal_access_clients` (
  `id` int(10) UNSIGNED NOT NULL,
  `client_id` int(10) UNSIGNED NOT NULL,
  `created_at` timestamp NULL DEFAULT NULL,
  `updated_at` timestamp NULL DEFAULT NULL
) ENGINE=InnoDB DEFAULT CHARSET=utf8mb4 COLLATE=utf8mb4_unicode_ci;

--
-- Dumping data for table `oauth_personal_access_clients`
--

INSERT INTO `oauth_personal_access_clients` (`id`, `client_id`, `created_at`, `updated_at`) VALUES
(1, 1, '2019-12-08 12:30:10', '2019-12-08 12:30:10');

-- --------------------------------------------------------

--
-- Table structure for table `oauth_refresh_tokens`
--

CREATE TABLE `oauth_refresh_tokens` (
  `id` varchar(100) COLLATE utf8mb4_unicode_ci NOT NULL,
  `access_token_id` varchar(100) COLLATE utf8mb4_unicode_ci NOT NULL,
  `revoked` tinyint(1) NOT NULL,
  `expires_at` datetime DEFAULT NULL
) ENGINE=InnoDB DEFAULT CHARSET=utf8mb4 COLLATE=utf8mb4_unicode_ci;

--
-- Dumping data for table `oauth_refresh_tokens`
--

INSERT INTO `oauth_refresh_tokens` (`id`, `access_token_id`, `revoked`, `expires_at`) VALUES
('00c6c04024d8118a1d1e05400205b831e13efcc0166cb9febc3699f394d323b610ece56ad1780be7', '6211d2eeff56909b69da382714f55f36f04f2c056616da6a1f4ab083a10391bf066a5074ec67e0ad', 0, '2020-01-08 15:56:10'),
('0172e92fc76f5763b27d1bc828a361cdd35425a8455ba8fd4d34dfeaa1f0b6d94b5419484994f0d8', '703d3e9f4286d558a7c27a1f8e0cdc15390870dd93583cd44e7e439f4ae6c4edfb328b03593e1cf9', 0, '2020-01-07 18:45:02'),
('04dfa6ed0ee6bd27a7d8a0fc2f8bf37bf01788c3edb3d74de1f181ebd6d97d71e43759a7e720899b', 'a952c0562209b3817fee5916eaf92aeaa971ee098b1748b7ac8b3d8bb54a53140157329f29d0959c', 0, '2020-02-03 08:36:36'),
('0532539911a723f048de8c21638146bc2cecdb5277c585d4dfcb618caed59d573de5c90e2b532d50', 'ca1f48d6be809bcb2ab9dd4062b51442f56337b52a571701e31d5607ac84effad4767242cbb7b251', 0, '2020-01-08 15:18:18'),
('0837de4d6e807e38dd28aa9c43c2d98b286c53ececfe485bfe53e2571f622ba369fc6d5e89822cbf', '1915a8d43972cd75c0fd38e278fe9ccbdb27fd40eaedcc989febb320bd6f7435878750ab9c6930d3', 0, '2020-01-15 08:05:39'),
('098bdb0357d195b70303b55facdbf0db931a4ddd723fd7f550044a5b1ddc60d0d752a439e26ef773', '9386e067737038146fa5a0eca991a1f78438bb5d7851085b9d6063391cd32a4cd0ea3413fb6a630e', 0, '2020-02-02 19:34:28'),
('0ac784cf5e8780058238390678cd25335858ff4a6e21a4113bc2c220715eeb76ea3f7cda2785b6af', '507bcc33ace69bd3051a3ce5f204780bae02dc51707f76784cd880a9dc86aa58da39b334fd0d6649', 0, '2020-01-08 17:19:15'),
('0bbe2f906658f4dcb2942915bd859f6f1e83febd8494bc1f4d83ce1e89936e157d93937a978fb191', 'a21103d5fc3c05cde80033e9ec94140bed61b4e8259b6673d60167e1e81353301a1b87e58709af7c', 0, '2020-01-08 17:19:32'),
('16d2f71d5213a57f081a5424492d02be2d91c9b6f99765538487ed0d6c8ed74b126508d130d10aa8', '31cad8450ac59780f295df03076e11559ecbee46a3e44b38b250d80400c706532389cafe12db9634', 0, '2020-01-15 08:40:52'),
('19c2820e86ac66b9ec81a4a45e20f0312a8e5aed549d93f8fce62602eb79a5190030f804c972c88e', '4581c18a245577c6d1272d57d2726e5e6c478144d5e297ea55b833d87efbc452859f689340b0d577', 0, '2020-01-08 14:41:34'),
('1c3b5a22cd395b170748e17d0aabb55e293ccdc8f4a290b425ecdb5b2008f6ed09f8d73a711203db', 'f720b5b7c1eb9c4d96ef6c35a68c451585d71430df609ad49466dbd7c2ac6da2a9fffd3b1c86f5b8', 0, '2020-01-08 17:00:59'),
('1d13f16977417daa87bf92f73b2e7341e93cfab4a0a2b6cb2b08cbf6e995912a638ae9b2a6a06fed', '7612a1db7c5d2a210ca9efad0f300c58cbde456cb9e7043bd33a4991e793c8e04d67906bbaf5fa84', 0, '2020-01-15 08:32:15'),
('1f2e793cb84375fab4574a821b3ed149cf058f471ae838e2f1546f801d04b4087258b669a1863c0a', '2aa9ec13eba1e4907585106164ed4aae22c3b087b5a945e67f561c120d4aa6fa686b903756ab6ebe', 0, '2020-02-01 11:48:18'),
('221bbf913edc1e809c8104d7769d1f35ab9b8c4b38e718799187fb925a8446f80529479dab8fb24a', '59165ac683a057429fd1e46e62d30c68acb9403bfb653b300a15601f02b6777e7f779db372ec2748', 0, '2020-01-11 18:44:14'),
('259f3a962ca1d969d53264db64300308c66cbd0c9e993e9ebe7dc9b7b4148160c47755279c9f67bc', '7695d6e1781a43f5eeb52cd8aba96a3ce85c7da3a789f7d6715376031704b1a995d01e9f315a52f6', 0, '2020-02-02 19:04:50'),
('266c724f084fcbdc37ce5fa658a5f946f20176fc57c010f75aa5f08f5e9bd2cd7735f95c1a419e6e', 'a51106f9aec8509e81dfb9fea4c6a0a0588e00fe2258c69f08ef9c5af1845e43320e48bf2e941153', 0, '2020-01-11 18:44:15'),
('2af7439f864aec57e2c3dd134b554447c8eb857b7f9ecd9e0790e197fc8caa99a683b9030c46505b', '8d105cb6e7c7bb91531bb6b8b71a20faf83dacdaac079dbeaec6ef416386c1eccca69c4fa2f97ddc', 0, '2020-02-02 15:09:08'),
('3029a79a293513571db10113cf5fc52d7c2700ca7008e097182ad4a69eb2634110c17cb3e8b29698', '86fa948933b7078f20edb3ec19aaa235dbc7c6eaeffba7e716543031068a8e589aa1c997b79cfd3d', 0, '2020-02-02 14:59:16'),
('34d9b9e44554dac266167375d4b0ff0e0002b7c7d71c50170229731a6f9038eb54a479c8e27d5e63', '8e36ca61b4dc13993bf2551ba234c4abad455aecfd9d1f1ee3f55bac560f8522b80de7faa378ffbe', 0, '2020-01-08 15:37:49'),
('39287987ac67a4e3fd1486219bb5b9774293d0b090295904b77f730929a0a93831d79eb8ba6e7016', 'e6821c9869beba243e2ab63d1182f45bf4296728463a2e355e14bbd37fca1f7cd412dfee9a12c9cc', 0, '2020-01-15 16:30:46'),
('3c105c706eea6cfbe5b0988328a2c83deed475935df376a9e50ee3c7e8c84055da25992f344bbdfc', '5d6ad200c3e138aa48b32249099eb1f7956346d5b1bf0fc6230243c362c2650d672b64239bdb1ee9', 0, '2020-02-02 19:51:45'),
('3d2d0ca228da386ad79b1edd9ca154e75fbe71e9cd5a051616f415b13f95d9e4cc628390e755c3c9', 'b52b2b713ce66b0f820ec8727f334ff6c7c43df088b752ce0327144c00f57957ef42d93f51852754', 0, '2020-01-08 15:38:53'),
('43e4ed36c16b6daae1d9d21436345ba8f26b8b41d4c9358e88a1afda16145dbfb7017e3dc535364e', 'd6fca46368fe924480beb424338b7cb1f5441f5baa5623cbb80322312e206d7a7544651c7f799fd1', 0, '2020-01-12 07:48:36'),
('466b842007d52e559974a773ade5f47c43039e65a228c257937c88368fb2b859dc0215a3f0dc2d5e', '96d791e0524ebcafb368571b3341952e5e8e67348d9fc06d48d897a8855ea3a263038fb0d786e6ab', 0, '2020-02-01 11:47:26'),
('48a9c770d05a07f7f2d4de20d9912d4b0b0e84a600614203d7bdecb2d1e440d5fd0d49c7ed4b44e3', '96e52cff132a78cad90f8c25e2fe68e7da6a25e44e6cd6da5b11dec945096a6badb952c1c32b3c8d', 0, '2020-01-08 19:40:28'),
('4a07ba011b90525281b4011a8bd81fede74d13ac8d725c7f18a53066fb77c4891dc8902993fe9acf', '50be3b3efe1acb604ffaa204961c497cc3526dc930f79cf88fa5d12e5d96af9deff8879f3691df12', 0, '2020-02-03 05:42:52'),
('4a70263b7a8e4df664024f1e97bd9bb40e8331e837242b4c6057c077f782d063f2f6c1672e67ee36', '45b465e2488186f581cad4d6bbbf4883a4e479f7779a78453a4131cb62b348cef39f6cbc8d61bad0', 0, '2020-02-02 15:06:36'),
('4c65431bb9481bb8037e39d660fe53980007843363a56dbf65a47a90542eee444935e8b485eab7ca', 'f090793e0c17aafa242b00c42ce648824d7c048f611e5778e116fcc998932386d2db819d66491077', 0, '2020-01-15 16:30:52'),
('4ebd2d8e4eec5b679dd7ff0fe5f81ca16d98a6ea623fb96ddba728f4189910d60d1be71a63adb5e8', '4da6730fcb00024a773919bb4e45ba8a334337c52cbd6b139594ba0e9b60404aa85377688168b2e6', 0, '2020-01-12 07:47:19'),
('4ed73e432f5e3e0e76a3c283bdd4b0e05c21d82d48c7ed7b067edd8808d5421627db9093f2079f69', 'b9677466c1b35c8845a0ea168625d10c68916c7d22e23babfd7cc04f7a52334388ecd0e4479f8fd3', 0, '2020-01-08 15:17:52'),
('511ee9fe7f2cbdf909639292aa9c6acc730e5f59c6d1dba91ce9564aae75d9f1242a4d7424baa2a1', 'dda329b2f1491f5512274a2a28d71d884644aa906425f1f4c05083eed2e351c10fee253cd8c36ae3', 0, '2020-01-15 17:09:36'),
('540ebc21ab880065ba0876adda76011a322c7f49521a0efb31ee727e5c87b195b2ca76afb7b7f0e9', '6ff514f887833ed4c9f2266ad9bf552a9ab0847451a6fc4339f02d4c3667ec966e17b68221098d8b', 0, '2020-01-08 18:04:25'),
('542a3c1dcfefc05c9c7091e8611ac4681c5caa8180c770b79270ca6b653e8e215e984b60097d65a3', '2bbc0a5a112a9f0252fa6376fa063b287897594f81bd69ae54c0bd83d1527ffcefee734726c5b33f', 0, '2020-02-02 14:33:30'),
('58fd36b803b34394fd9407bd710b7c73e5c32aa0063094e508885b9a9be531a11ca3b27ffad23a2a', '1eacdda7959885865eaf082baf669f2458ebc297bd6ad064caf0b12771a3f55c9fc8583f16ad6bef', 0, '2020-01-07 19:24:10'),
('5c714a0c7928ac9e0d4f04f0ca3a37bed8415843a50df726c62afe91dc65ff7622938c80504384e4', '07221d35458807ca6976a15420b3093b542869fb8092b53b69ba8e921142ab3688ab6426b46e3dc1', 0, '2020-01-07 19:01:18'),
('673cd48041c308ffab9e3477d6093a9987681d8ac54ea3be98c9d7f2ccbc6241e1a6cec3b9058a4b', '86274ad07c3b8d800e06a907d9c902870828ec9254b281b3095f1901ddc78c97fe732c7d5a65bc19', 0, '2020-01-08 15:46:02'),
('6c0fee82f5f5dd6ba63456204370678a257ec2e2d44d2c50b3c6426f656d6c68eb212d762481db20', 'b78804f358d67e981a1b297ff92bd0d7ad3e0ec28e5faddc7370f3ffc8a622129a0fe3e7606359dd', 0, '2020-01-09 09:15:14'),
('6cda14f37edb2da9acdea1ada6550eedc2c8a30959230b215dd5ff6bc91483086409a4472505388c', 'ac14d50576f461bc330e7dc63f6bc5269c620e3a35cf2079b14bf75407b556556b318b35f069e2de', 0, '2020-01-08 15:42:56'),
('6ddc61ce2dfd8b6144080a20bee0be1e1fa7f664b7eb320e7b55e63da1503e61083e6f6e5fb60992', '84dd702eadc92d97409f4cfb5f512ea312cd5afb6f37d62fc6b1c73a8fe431763c4cdb5a0eac7493', 0, '2020-02-02 17:25:02'),
('6f7274677f682d9833314937ccc5734d83ccdfe58aacd4367241105a32bc157951d7e90469fb9044', '1181de255d93c6fb8953c2a6e3a51d46a6daec8bcd974430da3ccb5b82e4f1f463c31f89f20f2e90', 0, '2020-02-02 14:58:18'),
('70ee6d9e50ad81e63c12b65c26230d5dfcaafdd11e23bb8910018f2d1c1c38f3fb74dd981942a8cb', '639158a592e916e3d5e0d9056438c938f71305781ba60bd218197fde15c36332ca6e2230c6f4c1e3', 0, '2020-01-12 07:50:01'),
('721a4b866735864b446859c3e7290689b7c18d7e6ff923364485bf75368bb15d2c7a8fba53b2b23f', '7a65fed67dcce8c8d1cedc017476ea08da902679e4809dedd537838890520c55df220b2772241497', 0, '2020-02-02 14:49:41'),
('724eca186d28343e2c792588756a5bcb7a53661a3ed4d9da8f874724c5f499ee23a7a37295b4b33e', '6f7aea0802d09e354cc10ea616f4be712e50944c92735e05aa7f8feab8e0bfa3137733d546ce9add', 0, '2020-01-08 17:02:27'),
('737624ff2e26b4a8e7cc96300d9adce187818bd358fe807c27c3b484e8a0b295f534eb2bae5d6c33', '74002381a0e5b59272e3fd4fd2dc1cd284089b6a9c3ec421d7ef370ac2f9ac52bb722e3d65ae02ab', 0, '2020-01-08 15:14:14'),
('74ee8a460ff39c2b2250546f3df49de34348f716a97decdf78361a17612579d26c3f9c0acbd1be33', '16f18141c19ce1b540b99a2f9b4ee123d2951bf262cfe151ef540d05e2c8571ffd8e14028f4cbebc', 0, '2020-01-11 18:44:13'),
('76871f45dd2d52a3039215181f31075b3cd4beadcc9290b32e21c4067db9eaee57393c857968e264', 'd4f10fab273036320a4ef4169dbb784e0b9e1db61c03e32545e475958ebaf4207b86100606666ad3', 0, '2020-02-02 14:36:16'),
('780abb8f08b34663a78ebe31ecde402bbb4f874b397f768d61561c2c231c81b6cae22747079927c4', '934f0524331eb39d18bb3f642b3ed124097c7f9e337afa142915b97c0627bd582bb62e5b9d8a9b61', 0, '2020-02-03 09:15:15'),
('79a8c8942f1dd224f5a4a57600570dddb715da9d01991b5c391f853d00172e26ff3d1a3179dc0485', '8d0fdd7ccf1e507d02302f438b84f223cb428c7fdcd2b8d035cc232ae50752b01553a2dd20d652e9', 0, '2020-02-02 16:16:49'),
('7bfed8ae0458c342c45e54d1d9892cd684c5ad949064c42d1d8c1ddaec5ce7dc8b6cfa97ea9411b1', '003f189e28ba4b7bc5d0d9171b830a77e2f965015979445c994edc6990525b95cbf85ffebeed17d6', 0, '2020-01-08 15:07:44'),
('7c22f0282777c0229aa8ded4d168dea26e839c8754ccb8265244721a7f83888fda8bf2d985dd41b9', '615b48bde48846208aed387d8db905dd56118bef7e126d6aaedb5c6ccf8c065bf8b863b68a325e9d', 0, '2020-01-08 17:22:10'),
('7e715aa783350fc9caee873ca6eff476b24c0045276f899d98d4a4f38fb134677035f8deed7de446', '36eb976446f12209e3f2e63802ae5f6116e450c9efd453ba08aebeafc040b7f9b32a242fcdb81d59', 0, '2020-01-11 13:55:17'),
('8618004937d371ee932858ed914510a72ece32339552a9a90368dd53c9bded5433b4b046f4bea23d', '3152438fbd812b38e2a572fbd4b432357d08d811b9c4e31fba99048a19627ff4085845a878534d66', 0, '2020-01-08 15:10:33'),
('87305dbdb90f443b890beab7e43d82ec49ef4847400b7e1de1c6cdfdeb8d9c481d4b37526a0e961c', '53d738a0abe450588e4175313354be2140942d27184a63bbea236c1e0864f85114e0c7df483de62d', 0, '2020-02-02 19:51:15'),
('88e40a23b08d68153cc6aab867a96eb2c61a49e0848fd7dbe48dc08c4ebb7183c2c43e28081a41a5', '7dfbf0c5a9aa85e1a20e000b1a87af0970f5100c2c684fa706547496e3247428c68383bbae215570', 0, '2020-01-09 09:02:00'),
('8e5bf8c283447fd3b13c974422b56ae836baea34a564ccc12ba0ae7161183d237c98bc898b844582', '7aa2020639aec02020d8178cbf3830f8b007160fbd488ee00173870b78646aaaae02d959b1737c8b', 0, '2020-01-07 19:27:33'),
('91dfc7f492f72bbd690ff9316f7656d7fefc446187f853b82766a6e91490c5c254715b804b62d556', '45ae226f20b3bed26fb491b731cee74205f9960af2fdf534c77baddf47585a9414e89a4a02576cda', 0, '2020-01-07 19:19:21'),
('940a50061d20b6238c8456ddb21a593d8fcb7f6e53ec36734d3f9e4f1e6009bd10296c9283dd8f60', 'da4cc4df2e4ea21be69c7cc7252c4f3ced3f7d5b54cf2594bb8611b34247ffdb43a3397b7daa45da', 0, '2020-01-08 16:40:08'),
('9517344e639266af6b97c3c95154f815fcdd94e3b19638d22666e2c12e7b87bca6a54b57208683ba', '56d7f68e0e32d0b69570316d14212143a980dd3aa695a974953aa3ce4609ad1f973082534d3d9033', 0, '2020-02-02 15:09:30'),
('9847bf73b3ed6932228cc73378b11000a728a35210b153b5a606bedffe5db07c0e8fc57630d88e22', 'd3b70976805fc14f743f8200546ed6e28fca2894c9de6b34bc55a1d57a6dcc0a2d80ead624e7d577', 0, '2020-01-08 14:44:38'),
('9cc9ffc28a69bdab9fd90954041fdeb84d4d7675193f13d53de72c3eb3cef30d15ef83fe20879cde', '159523bc0796a1ab1a662405bfeead212ff11bc8e96f4d834bb4a4104274a8f9fd3615a206b3ebc7', 0, '2020-02-02 19:04:51'),
('a1d014c8b8b60261829237c31adbec3b0084d51de560b1ab26dd18ee026b4e8d8113618650acd302', '358cc293a32f0d57a39a9514d9da424c98501ccef6f7577733b43c4c0666d7793ea38bf4b775b4f2', 0, '2020-01-07 19:02:20'),
('a3c9d15f03ca5d7dea971d892ff6b33592cff7aecc08fc4cba36e5c9e56d6d8edcfcf1fbad768378', 'a527b667ce932ddd0f90f565fab07057092fc90ebe9bfafbb35ffa3841f84b8baf5db84ad0e55460', 0, '2020-01-07 19:24:15'),
('a47c7fbf5c37b32ebb9d4bf39e70b0644f5653a700a78d904f210d7f25aa3683a2861286726537d9', 'f3a340a5428212f9c092ec8145342af70b46c7d2944366e5dc1b2c6050c786e19067d7cbb3e7744a', 0, '2020-01-15 08:05:00'),
('a7436153ca7a796c37249a99243149585d820f24ce046dabef933a7975669dbca69b3a6dc70b9bfc', 'f47bdf9eb06b58910553ba89e9bd975fcea39b79ebf52c4ed4326dce36074d13c0861aac700826f3', 0, '2020-01-08 15:44:19'),
('a846e998151b4dbb497b365167907e70b5c2fb801d6ee15ee30806e3de86bda7602ce35d2d2f257f', 'e0b98532a001a2f6c822dfae60df1fccd5098e967f4962dec24ca3b879586766df7f6c7e89f8879f', 0, '2020-01-12 17:10:47'),
('a972e3a9b79b88359ec68b060fc8f0aaffe5e7d070a10def884fd300702b83371a7723f928e8178a', '8f25ae1ca3a478caae00e47006d5cd6801de50bbe4fcb1e56ea1e5c9512dae5b3342414a9e9921e2', 0, '2020-01-07 19:25:46'),
('aba48d49bcc6a54766d09608496ce83581cb4ab13eccbeb06443878280df58a8b49c1c7d016a9ff3', '88f19499e34c82aa5ff337d3feff88a4b88c3b4ad7fcaba7a128108bdb4608ed4fce28a5a36e71ec', 0, '2020-01-07 19:05:48'),
('b04f18cd97a8f5a4b3140f4bcd0c5b66ae7e4394b08a193613648ab62029d73aa8892196668f6c5b', 'b3516b9342b6e7b795175b33949e7d1912dfcb9dd7d97ef22af50ecc3bed811368e5905aff2fd30e', 0, '2020-02-03 08:42:47'),
('b0baf4e827301fbbcbcb6bfb24255031a9ec03751f1f5a19958907bcd59c8aa43506c8cffdccb06b', 'ad4baea139afaf9dfa27b4beb2a2f77c4e7030da53dd48738eaa1f6eb188b2eb5675019374d7b98b', 0, '2020-01-08 15:36:40'),
('b4b6c028d320969967c142851b13a61c183be14dc4d99473028d48c0c8804d0d80b5a7808b813c68', 'af6979978a3a54f66c4b64f8b6d8279e970979ea41d9027050753812076e9bc4f3d3b2d1ae70157a', 0, '2020-02-02 14:34:01'),
('b92f8bc4097e3a0d22b34f8a454eab99329a954872b2e32acd417daf7848517b37186640c996d460', 'f6a6d8cef91a1d804f4734300e6c7394ddf7dcd4355219fd6246d800706dbae7626fe848966074bf', 0, '2020-01-07 19:24:31'),
('bb0ae4bf4c03205cf13eef4293697c1bfdd40799b1c38cbdea35ad119935ee9b358506cead6d1bfa', '8e973ed9621bd8459ecfd6c53aeb6301fd9af7d6bfe009a9e8a8440277f40cd378fc243628864897', 0, '2020-02-03 09:14:57'),
('bcf312c3325e7df0ea839d1eb5df967641d6e192f4c8bf06c4a37531b1649162d332cc9de8336662', '82570b4f6fc16451d8f3cc6b7125ace8c043f50b21730ab6307018565a18d748eadb4c70184f1411', 0, '2020-02-02 21:42:07'),
('c0118330b880ec9fd0389973d53ac6ca3e4efd23748f47b89a1728e312ba764336e6f932838b7ae3', '4be1a6e9d50fe181a7b01e20f9c98448d409cc258d6b68d14f8b15c0b1fabd5588dda5c9a625a2ed', 0, '2020-02-02 14:56:02'),
('c20ff8a2b5214b3abc5a04a714c37fcb5d6847038dad00e626d021498f35067926b187bc6ef40841', 'b28effae518fdab3c8d24db5aa92d908f905e40d8430b4658e72c6f7294cd30ed5e6d2c282e57396', 0, '2020-01-15 08:30:10'),
('c28909677572dd5ca5632f08ac0124c90f8d3f516daa77a914189a52b7761ee9639393d2eb510f22', '7e2ea97c476f840703f48a3d5717823d6f988f727704acce6eb5b65bf4469c044680ca332df81fd9', 0, '2020-01-08 15:32:42'),
('c299ea0cd80fce271e5c2b0b9ac7a7dd3c923e16f49d15d5f8aa389b9f6956df54cd71a0bb30a8f2', 'd7002b8963abc000d9eb9283f811f1f9cd05337724347c57db9246f4354e77a20a2fc8ee03ebe191', 0, '2020-01-15 08:04:52'),
('c2babbe76e6bc3fe3a143d25d38d7c82b1315a9e7eafca99e307afd91d4a47a50c188e5378375644', 'f88643b653bbd5a1219656c031f7b39082a4f7609c19088186b0643154edef0a40f77fc79c98fb46', 0, '2020-02-03 08:36:20'),
('c34d4de97e52ae85ce4dc933912bb5c58714a3b9eb78f6f2f942689417a2c14131cdded2c357141f', '989e1875c881b3f3c9e06a34feea5ddb27fa85c74e76b25a80357e380b5f529e31c155547412bd5e', 0, '2020-02-02 15:08:44'),
('c484f5591d9b3f9343a2a0b38733d0771251d6ee55e512bcf77dbdb699b86303351958bba9600d5b', '0ce94dc5f47fe0c86656adb8cef4b1e75b7d730d5af1c12d5a14cd58d08976ad4ddaaf3bb3aa97fe', 0, '2020-02-02 15:09:56'),
('c50728b1460c4456911f4593dfe79e567ff5d62acbe750c624f4e0e30b5ceb69866ab6e996f63a43', '0f67dbe712544c0fe2270669a81d03cdfa7fc910d26f46d01ed3562e5d8b6a4d38123748cc613c9d', 0, '2020-01-08 17:22:58'),
('c5a0d8f0436e0165848cdac2569a44594400ce1ee2fca0ce534dc1840c18f08bc6146ca7416b0d38', '66dbcf000ea73aa3093e7044905cbaaa6508c43475c8072b9774633857ef70f1d52064fbba203a9f', 0, '2020-01-12 17:01:17'),
('c6a6564268492ad81371b136e78df4ceddad5b322664aee90d40e48e74036a51a6f21395dc5e03c7', 'c781f0b5c040ba6bbf332e32b89f5478c508406d44af22fbd5296fa6cdb8ae4fa8d7774dfb2288e9', 0, '2020-01-15 09:16:03'),
('c87b70a0eeed804ff8ff267e98ab1e6ae449907bdfb8b460e8b73457e4f9519919bdf9ad82291a96', '0ebd746bb8e1d8c8f75f745da231ff34159f76ca8faaf894ca54374310ae942e31baf1903a202a14', 0, '2020-02-02 17:25:06'),
('ca221014cdab8e94a29dfb27f6abb01c3810cd667e78c2e517c4bb135a9eb3c903c4745fb7cdd63f', '06aa4eaa902198404df0b72cf7a9329e910a56a942766932918ab49a8e01e53b235820ef6b3c5e40', 0, '2020-01-15 17:09:33'),
('cd7107d3ff3e6c728ae8e552be0e87876ea41e6b996c865e1018a8fadb205d0bd78f223fa7b94b61', '0b32a2922246c542b630c210b08b11e301c30e5f769b42f8c3b780b4a6c560fce6a3f85170fc9cab', 0, '2020-02-02 19:49:55'),
('cf9596245f799cb5739e118a7ac3e2db995e9b4ba248ee6b25b0683bd062932ca9b76aa87b3cd780', '11dc4e783f6f54c88db144f776fc8d832bcc9764f07350b5e864a082acdcdc7169f30480e0491ada', 0, '2020-02-03 05:42:26'),
('cfe45379ef77f9e3bdb6ca3edc80fea4ab67d8b288cb580926591dc105718d02a1d5d00ade595a56', 'd17741a54b7abfaa43a50fc7fef4e5b97f0870218fb7877324badbc4cc9ffdd0ff9eedd00880f414', 0, '2020-01-08 20:37:45'),
('cfe50f7974628ae27eeefaf64ff19b88b6292e36a0411a1aada0e1978db5799c60e5b883265986e9', '973e2f9c8196fb9652debd9deb4858fe0a3422fbb99efc1f1b8b0f2ac24ff09c836eb538ed9f5914', 0, '2020-01-12 06:55:58'),
('d26c65ecad01094710de9f1e393e9277c482bb02cb1be86ead3079b62b92786fd8f1c5da6bf78c8b', '4976da30aad33159e82e0a9c4818dd66ed6c450d5586866bd0db578ec13cfa4c84bee6a22d0ea52b', 0, '2020-01-08 14:43:15'),
('d2a6e23170119500dfb423007926cfa9af29b38517d6cf320e1f3b5557ceab537da7d2c4588160bb', 'a8055621d61f29a3442a89f72aeefa545b48b1d41f746aa36cb38b2a3a76b723ddfd4c586bdb1746', 0, '2020-02-01 11:44:08'),
('d361d94995f2d503d84f84cf1444895e53679cd3aacfea8e364fc93711d29ae1e5cd9cda167e364b', '3a46e3e247cedf6a0e0337de0f6879bf2cffb5db5ac53122b85241399eeda1967412fac25966298d', 0, '2020-02-02 19:50:08'),
('d4e0b78f1a8e438a1a1f1f243fc64cdb6345990f6b55b3a83c0f412d93bd0e8d5b35a46a4215cad3', '2d9ffb2690cf035a26d22208c12912d8d562f7f497110ec952c1f38f065c8c6590aeee66f51778c3', 0, '2020-01-15 16:30:47'),
('d5014314b74ed922de3cbd10669fc9e923c8bde1063fd7566dba3aaea19cfdd27033e08fc01c444e', 'e03a872584279589be0acd5ed61c99ffe87be54022e89d0a4b5ac6e5d899fd7dfb58d8ee5d6e27b3', 0, '2020-02-02 21:35:18'),
('d7c7cde12d3d7737fe4de349c02791fce3e435624669527304be2424932667716a43036b1ccb8c2c', 'b9b1a9c1386feb824fd8a71e3a8be7067ad1693788f9b461e4536e40edf97160bbc3b9c3f0d33460', 0, '2020-01-07 19:04:46'),
('d9a0c684918844bb045b59c585295ba68d0edcd3316475cbdb490841378939fa140a8f313d80c6ea', 'b9cca7803f4032b8eb7363fef28aa1304c5b5e6766bc7090bebb40e1f29537f40b0e0beb7bd122e5', 0, '2020-02-02 17:25:52'),
('db29fd77d4e4dc70c7df472e87096d9dd4d79a06a5e3108561785d0fed2c5a3bf0ac00a16ba677d8', 'e784850eb95974434ed2757dd879ada2a27ee4a9153786b55e1dcf9ec02f04a8c3ff6a2c58af9769', 0, '2020-01-08 14:46:47'),
('e3743d7ba34f98db48153639890919a32032e1d6893e68fb6b67802d3f3988f4bd49816e5c9fdb73', '07a68fc502298b329c6e30aa9cb53d35beaf619c017999ab2630a8e0673e25a7389feea0d3d8eccd', 0, '2020-01-08 15:24:11'),
('e40eca309d24cb284591ca9b398e8bac8c4c4c2f23bf365bca1ec3acc58c574525c050de9078ceed', '576626599659afeec694979f8fff5f08508efed6a878e2e7b5a498fbda2edbe9f5e2cfc1dd096989', 0, '2020-01-07 19:00:49'),
('e507c7f38fdf4b720944592683254c9e4193f778e01639bf9896f2d915731d0f18dbcdeba44c82b5', '109202036f1a23f32c9b5bfda6b855fb17cb2e3eaa4cd1c230364c49eb0fa91caacf4ef6fb799ff5', 0, '2020-01-12 07:53:26'),
('e54e38862c330ff77fe08f9d7045c1953280a585b621465f652d3e91d286f9fdab39f187c847c542', '958c63ed95919dd89d9ba334bff538e3add508e5060619ae7abdcaf65b4ed5f5972a1ee24910d1b7', 0, '2020-02-02 15:06:06'),
('e6d46b4dd8e5ac47ccc531a5c7524b9e156a81fb4ccaaf1ed78731de603a21695672f2f12b548a63', 'bfac75c8b83a4de263f581bfc1b1b6e4e8fe3f9fc6501e502a03af4bc3dd85fcfcd9d1c99fb75850', 0, '2020-02-03 09:06:52'),
('e83947692baac9a59a17f4fcc1eb779965ea36435aa378e65c2a52e67b4ecab5cde9d136dd314503', 'f3959a924eb4b6ec1bda834d1afaf149ca06f910e5ab196209fd6b438a1d464f7a65f4d93b4fc5e6', 0, '2020-01-08 15:56:22'),
('ea72ed610405426f74951407906bbbcfa41b242133afe77ec1247d9ed7b532a2ab0e16b1aaa90e0f', '75bdf90f5e5efedb72e7fe5ea682ba45c2ffe388bdb50d1440e424ffc82d48daf35b2ff2dd2a6289', 0, '2020-01-08 15:43:44'),
('ec00175ae05de40453d7efe0a7b0541ffa4de917b651956ae359c81109826265c70b157de4133c4b', 'c6ebd07bb8bd6141ca198a94d4d044c52749168dbb359c972604fb129f6a1fd3782dfe99710027aa', 0, '2020-01-07 19:02:17'),
('ed56d3e71dc180c337b4699023d361db84b7d7fafdf93daef6572dc87957bb4d83e896ea16903d4b', '04e15b77f01781ac07fd46f78c5a5c07dd69ce42d406a01013044efbc1a23dc14d977b03feaf6880', 0, '2020-01-07 19:27:10'),
('edd5871ea847b55adcbe6be0dba09385c9722fe7d6eaf4477e2499ebed48388ea84e28038a549381', '379aa36e05f1676b0297e7abb00580325452179d43daa4883e37170e260ebe323d771b3370a00177', 0, '2020-02-02 19:31:49'),
('f75ac29d2aaec7e08b38659e1ca04cad94f45d21fbf8a82bd629b2f91f9c8b98fa12fe7686f73002', '82282575d7c068e200018289005cacc201e2b355f843a1743756786cdb3ff004de89b8d7dee4007d', 0, '2020-01-15 16:57:39'),
('fd134b53495f32075802cd5c12304fab82415b25c53fa6b42ce3ea5c53432b97509c1452660b2979', '080dd31e90246d866865f3de80a45fdf2d1fd2a29f14f46fd45b327d55298f5ba981abe12b146f32', 0, '2020-01-08 15:38:38'),
('ff52308ac44ea79e71e6ce3ad282fcfeb616fcb739634d09230a773848190b163374b227ac8147c4', 'f395564edf88eedb67a360e393e67f76b14457bbd3663b76896a16b2b947c19ffa37ec408e598a1a', 0, '2020-01-08 16:03:58');

-- --------------------------------------------------------

--
-- Table structure for table `password_resets`
--

CREATE TABLE `password_resets` (
  `email` varchar(255) COLLATE utf8mb4_unicode_ci NOT NULL,
  `token` varchar(255) COLLATE utf8mb4_unicode_ci NOT NULL,
  `created_at` timestamp NULL DEFAULT NULL
) ENGINE=InnoDB DEFAULT CHARSET=utf8mb4 COLLATE=utf8mb4_unicode_ci;

-- --------------------------------------------------------

--
-- Table structure for table `users`
--

CREATE TABLE `users` (
  `id` int(10) UNSIGNED NOT NULL,
  `name` varchar(255) COLLATE utf8mb4_unicode_ci NOT NULL,
  `email` varchar(255) COLLATE utf8mb4_unicode_ci NOT NULL,
  `password` varchar(255) COLLATE utf8mb4_unicode_ci DEFAULT NULL,
  `gender` enum('Male','Female') COLLATE utf8mb4_unicode_ci NOT NULL,
  `dob` date DEFAULT NULL,
  `roll` int(10) UNSIGNED DEFAULT NULL,
  `batch_id` int(10) UNSIGNED DEFAULT NULL,
  `role` enum('student','teacher','staff','cr') COLLATE utf8mb4_unicode_ci NOT NULL DEFAULT 'student',
  `image` varchar(255) COLLATE utf8mb4_unicode_ci DEFAULT NULL,
  `email_verified_at` timestamp NULL DEFAULT NULL,
  `remember_token` varchar(100) COLLATE utf8mb4_unicode_ci DEFAULT NULL,
  `created_at` timestamp NULL DEFAULT NULL,
  `updated_at` timestamp NULL DEFAULT NULL,
  `deleted_at` timestamp NULL DEFAULT NULL
) ENGINE=InnoDB DEFAULT CHARSET=utf8mb4 COLLATE=utf8mb4_unicode_ci;

--
-- Dumping data for table `users`
--

INSERT INTO `users` (`id`, `name`, `email`, `password`, `gender`, `dob`, `roll`, `batch_id`, `role`, `image`, `email_verified_at`, `remember_token`, `created_at`, `updated_at`, `deleted_at`) VALUES
(1, 'Dr. Kazi Muheymin-Us-Sakib', 'admin@gmail.com', '$2y$10$iIccyCjgWYBP3VH.NYHTRusO3vanA5/wOhXqCPG55bnYtuJS9mBLG', 'Male', '2019-09-01', 1, 1, 'teacher', '22ff434df813ff4bad2dc50d30906b36.jpeg', NULL, NULL, NULL, '2020-01-03 15:13:15', NULL),
(16, 'Amir Hossain', 'cr@gmail.com', '$2y$10$7EamZ.wv933ixwCOyuRWY.mBbRZ6jZnISitwy8/Rr3gMl88LCWiAO', 'Male', '2002-01-01', 1, 2, 'cr', '8e24aa1a0cc98a057d29e37281292f56.jpeg', NULL, NULL, '2020-01-03 15:03:49', '2020-01-03 15:07:49', NULL),
(17, 'Hasan', 'hasan@gmail.com', '$2y$10$HcrpIC7TaUygE.oK28nxZuruZS/9cAGKEbspF433EoJ4KFKv0ucAS', 'Male', '2002-01-03', 2, 2, 'student', '720a23b21408d4f726c3b43061f2fae2.jpeg', NULL, NULL, '2020-01-03 15:08:47', '2020-01-03 15:08:47', NULL),
(18, 'Abid', 'abid@gmail.com', '$2y$10$a9rfO0bYGrSa6.drG9gmtuo7oUiIgKtCuFE2nFqn3Ojbq6JBwtGra', 'Male', '2002-01-03', 3, 2, 'student', 'b85a0bdd1e3453a512426b34b2056707.jpeg', NULL, NULL, '2020-01-03 15:09:18', '2020-01-03 15:09:18', NULL),
(19, 'Jihadul', 'jihad@gmail.com', '$2y$10$72GO/8peTt4l2GETvry32eUmhQPIJL9muEQT4Q021/fiztI61FHji', 'Male', '2002-01-03', 1, 1, 'cr', 'd03d60dd68cb229f50582b264850956c.jpeg', NULL, NULL, '2020-01-03 15:10:12', '2020-01-03 15:10:12', NULL),
(20, 'Shamim', 'shamim@gmail.com', '$2y$10$rgQnuM1RXj8JKzU4t5PDseNP4fvwwmbazww6JEJj1tTBemkupZJPq', 'Male', '2002-01-03', 2, 1, 'student', 'fe90ee0d1f2bdd88c3f8f3c30295903d.jpeg', NULL, NULL, '2020-01-03 15:11:03', '2020-01-03 15:11:03', NULL),
(21, 'Nadim', 'nayem@gmail.com', '$2y$10$NFMoDovJ6i0BGV9O9RQqdOPuPjAIahdRnUbDwi2/L5j5B5OjAOGuC', 'Male', '2002-01-03', 3, 1, 'student', 'ece79fe3a3f28922ddd5d03ef487d2b3.jpeg', NULL, NULL, '2020-01-03 15:11:55', '2020-01-03 15:11:55', NULL);

--
-- Indexes for dumped tables
--

--
-- Indexes for table `batches`
--
ALTER TABLE `batches`
  ADD PRIMARY KEY (`id`);

--
-- Indexes for table `failed_jobs`
--
ALTER TABLE `failed_jobs`
  ADD PRIMARY KEY (`id`);

--
-- Indexes for table `messages`
--
ALTER TABLE `messages`
  ADD PRIMARY KEY (`id`);

--
-- Indexes for table `migrations`
--
ALTER TABLE `migrations`
  ADD PRIMARY KEY (`id`);

--
-- Indexes for table `notices`
--
ALTER TABLE `notices`
  ADD PRIMARY KEY (`id`);

--
-- Indexes for table `notifications`
--
ALTER TABLE `notifications`
  ADD PRIMARY KEY (`id`),
  ADD KEY `notifications_notifiable_type_notifiable_id_index` (`notifiable_type`,`notifiable_id`);

--
-- Indexes for table `oauth_access_tokens`
--
ALTER TABLE `oauth_access_tokens`
  ADD PRIMARY KEY (`id`),
  ADD KEY `oauth_access_tokens_user_id_index` (`user_id`);

--
-- Indexes for table `oauth_auth_codes`
--
ALTER TABLE `oauth_auth_codes`
  ADD PRIMARY KEY (`id`);

--
-- Indexes for table `oauth_clients`
--
ALTER TABLE `oauth_clients`
  ADD PRIMARY KEY (`id`),
  ADD KEY `oauth_clients_user_id_index` (`user_id`);

--
-- Indexes for table `oauth_personal_access_clients`
--
ALTER TABLE `oauth_personal_access_clients`
  ADD PRIMARY KEY (`id`),
  ADD KEY `oauth_personal_access_clients_client_id_index` (`client_id`);

--
-- Indexes for table `oauth_refresh_tokens`
--
ALTER TABLE `oauth_refresh_tokens`
  ADD PRIMARY KEY (`id`),
  ADD KEY `oauth_refresh_tokens_access_token_id_index` (`access_token_id`);

--
-- Indexes for table `password_resets`
--
ALTER TABLE `password_resets`
  ADD KEY `password_resets_email_index` (`email`);

--
-- Indexes for table `users`
--
ALTER TABLE `users`
  ADD PRIMARY KEY (`id`),
  ADD UNIQUE KEY `users_email_unique` (`email`);

--
-- AUTO_INCREMENT for dumped tables
--

--
-- AUTO_INCREMENT for table `batches`
--
ALTER TABLE `batches`
  MODIFY `id` int(10) UNSIGNED NOT NULL AUTO_INCREMENT, AUTO_INCREMENT=3;

--
-- AUTO_INCREMENT for table `failed_jobs`
--
ALTER TABLE `failed_jobs`
  MODIFY `id` bigint(20) UNSIGNED NOT NULL AUTO_INCREMENT;

--
-- AUTO_INCREMENT for table `messages`
--
ALTER TABLE `messages`
  MODIFY `id` bigint(20) UNSIGNED NOT NULL AUTO_INCREMENT, AUTO_INCREMENT=11;

--
-- AUTO_INCREMENT for table `migrations`
--
ALTER TABLE `migrations`
  MODIFY `id` int(10) UNSIGNED NOT NULL AUTO_INCREMENT, AUTO_INCREMENT=23;

--
-- AUTO_INCREMENT for table `notices`
--
ALTER TABLE `notices`
  MODIFY `id` bigint(20) UNSIGNED NOT NULL AUTO_INCREMENT, AUTO_INCREMENT=9;

--
-- AUTO_INCREMENT for table `oauth_clients`
--
ALTER TABLE `oauth_clients`
  MODIFY `id` int(10) UNSIGNED NOT NULL AUTO_INCREMENT, AUTO_INCREMENT=3;

--
-- AUTO_INCREMENT for table `oauth_personal_access_clients`
--
ALTER TABLE `oauth_personal_access_clients`
  MODIFY `id` int(10) UNSIGNED NOT NULL AUTO_INCREMENT, AUTO_INCREMENT=2;

--
-- AUTO_INCREMENT for table `users`
--
ALTER TABLE `users`
  MODIFY `id` int(10) UNSIGNED NOT NULL AUTO_INCREMENT, AUTO_INCREMENT=22;
COMMIT;

/*!40101 SET CHARACTER_SET_CLIENT=@OLD_CHARACTER_SET_CLIENT */;
/*!40101 SET CHARACTER_SET_RESULTS=@OLD_CHARACTER_SET_RESULTS */;
/*!40101 SET COLLATION_CONNECTION=@OLD_COLLATION_CONNECTION */;
